
[ 
  {
    "id": 1,
    "name":"Holly",
    "price":"24921",
    "img":"https://images.cdn3.buscalibre.com/fit-in/360x360/ae/06/ae063f25d04bc42eb0246dde7253dc92.jpg",
    "quanty": 1
  },
  {
    "id": 2,
    "name":"Tal Vez Nunca",
    "price":"3500",
    "img":"https://images.cdn2.buscalibre.com/fit-in/360x360/3c/45/3c45f623cf371640a3a502b73b51653b.jpg",
    "quanty": 1
  },
  {
    "id": 3,
    "name":"La Elección",
    "price":"9500",
    "img":"https://images.cdn1.buscalibre.com/fit-in/360x360/58/41/5841d72dd577af501fdc09b372f287a7.jpg",
    "quanty": 1
  },
  {
    "id": 4,
    "name":"El Viento Conoce Mi Nombre",
    "price":"9000",
    "img":"https://images.cdn2.buscalibre.com/fit-in/360x360/0f/38/0f380f91f6d1394bf1506506ea323e7d.jpg",
    "quanty": 1
  },
  {
    "id": 5,
    "name":"Ruge o Espera a ser Devorado",
    "price":"6210",
    "img":"https://images.cdn2.buscalibre.com/fit-in/360x360/f9/34/f93436f497599e63a7ba193fadee5b0a.jpg",
    "quanty": 1
  },
  {
    "id": 6,
    "name":"El Nudo",
    "price":"11600",
    "img":"https://images.cdn2.buscalibre.com/fit-in/360x360/94/2c/942c6a78dc49e7f978ad226a1a383e74.jpg",
    "quanty": 1
  },
  {
    "id": 7,
    "name":"La Tercera",
    "price":"6210",
    "img":"https://images.cdn2.buscalibre.com/fit-in/360x360/ff/02/ff020d590d7738f4bedd9a299666455c.jpg",
    "quanty": 1
  },
  {
    "id": 8,
    "name":"Este Dolor no es mio",
    "price":"7110",
    "img":"https://images.cdn3.buscalibre.com/fit-in/360x360/7b/3e/7b3e3bf022ba8d1e2c071b7f85e92d0b.jpg",
    "quanty": 1
  },
  {
    "id": 9,
    "name":"Sin Limites Mejora tus Capacidades",
    "price":"7000",
    "img":"https://images.cdn3.buscalibre.com/fit-in/360x360/4c/28/4c28f44c2f3c2bbdf63c2a9cb41255f9.jpg",
    "quanty": 1
  },
  {
    "id": 9,
    "name":"Avatar de Estilo",
    "price":"4500",
    "img":"https://images.cdn3.buscalibre.com/fit-in/360x360/e8/b7/e8b7a8526977ced7bed90eaedb1f4aa6.jpg",
    "quanty": 1
  },
  {
    "id": 10,
    "name":"7 Habitos de la Gente Altamente Efectiva",
    "price":"8000",
    "img":"https://images.cdn3.buscalibre.com/fit-in/360x360/9b/7a/9b7ad75c0e5fcc05d47700055d30eccf.jpg",
    "quanty": 1
  },
  {
    "id": 11,
    "name":"Garden",
    "price":"7650",
    "img":"https://images.cdn2.buscalibre.com/fit-in/360x360/ea/c9/eac9dc1be0808b61be19864028998bd5.jpg",
    "quanty": 1
  },
  {
    "id": 12,
    "name":"La Última Profecía de María Magdalena",
    "price":"18086",
    "img":"https://images.cdn2.buscalibre.com/fit-in/360x360/05/b1/05b1a63e10225000ba9319dc291ec5c0.jpg",
    "quanty": 1
  },
  {
    "id": 13,
    "name":"La uruguaya",
    "price":"6120",
    "img":"https://images.cdn1.buscalibre.com/fit-in/360x360/29/57/29575310478e239efe854d9de72bb973.jpg",
    "quanty": 1
  },
  {
    "id": 14,
    "name":"Cuentos Breves Extraordinarios",
    "price":"5400",
    "img":"https://images.cdn3.buscalibre.com/fit-in/360x360/f3/8b/f38b74141e64bf9238b5fa25bcc66270.jpg",
    "quanty": 1
  },
  {
    "id": 15,
    "name":"Adiós Cachorra",
    "price":"6210",
    "img":"https://images.cdn3.buscalibre.com/fit-in/360x360/5b/61/5b61cdcddbee04b013d3d6659f276492.jpg",
    "quanty": 1
  },
  {
    "id": 16,
    "name":"Resetea tus Intestinos",
    "price":"10000",
    "img":"https://images.cdn1.buscalibre.com/fit-in/360x360/26/c3/26c3645cb2ee5cbf99e6ea5f0cb1d700.jpg",
    "quanty": 1
  },
  {
    "id": 17,
    "name":"Prisionero",
    "price":"4500",
    "img":"https://images.cdn3.buscalibre.com/fit-in/360x360/87/42/8742ad3e957e4e5ef9ae29e0f2dc0fa4.jpg",
    "quanty": 1
  },
  {
    "id": 18,
    "name":"El Dibu",
    "price":"3959",
    "img":"https://images.cdn2.buscalibre.com/fit-in/360x360/82/f1/82f1cb0870c8072ca1ee72b9451044a1.jpg",
    "quanty": 1
  },
  {
    "id": 19,
    "name":"El Poder de las Palabras",
    "price":"7829",
    "img":"https://images.cdn3.buscalibre.com/fit-in/360x360/59/d2/59d22225968613a2527fcce2aa3384f4.jpg",
    "quanty": 1
  },
  {
    "id": 20,
    "name":"Sana a tus Antepasados",
    "price":"4851",
    "img":"https://images.cdn2.buscalibre.com/fit-in/360x360/cd/1e/cd1e26d6e2ba8c194b0e16d4b0e40303.jpg",
    "quanty": 1
  }
]